Letter Id;Mentioned Person
huyg003/2165;Descartes, René
huyg003/1514;Descartes, René
huyg003/1516;Descartes, René
huyg003/1531;Descartes, René
huyg001/6554;Huygens, Christiaan
huyg003/1547;Huygens, Christiaan
huyg003/1551;Huygens, Christiaan
huyg001/6585;Huygens, Christiaan
huyg003/1547;Wallis, John
huyg003/1610;Descartes, René
huyg003/1610;Galilei, Galileo
huyg001/6600;Huygens, Christiaan
huyg001/6632;Huygens, Christiaan
huyg003/1610;Wallis, John
huyg003/1622;Descartes, René
huyg003/1685;Descartes, René
huyg003/1645;Descartes, René
huyg003/1689;Descartes, René
huyg003/1690;Galilei, Galileo
huyg003/1622;Galilei, Galileo
huyg003/1621;Galilei, Galileo
huyg003/1628;Huygens, Christiaan
huyg003/1653;Huygens, Christiaan
huyg003/1672;Huygens, Christiaan
huyg003/1682;Huygens, Christiaan
huyg003/1685;Wallis, John
huyg003/1669;Wallis, John
huyg003/1670;Wallis, John
huyg003/1675;Wallis, John
huyg003/1683;Wallis, John
huyg003/1708;Boyle, Robert
huyg003/1726;Boyle, Robert
huyg003/1754;Boyle, Robert
huyg003/1761;Boyle, Robert
huyg003/1770;Boyle, Robert
huyg003/1779;Boyle, Robert
huyg003/1787;Descartes, René
nier005/0044;Descartes, René
huyg003/1697;Descartes, René
huyg003/1699;Descartes, René
huyg003/1705;Descartes, René
huyg003/1706;Descartes, René
huyg003/1717;Descartes, René
huyg003/1716;Descartes, René
huyg003/1724;Descartes, René
huyg003/1728;Descartes, René
huyg003/1732;Descartes, René
huyg003/1736;Descartes, René
huyg003/1738;Descartes, René
huyg003/1763;Descartes, René
huyg003/1705;Galilei, Galileo
huyg003/1716;Galilei, Galileo
huyg003/1736;Galilei, Galileo
huyg003/1751;Hobbes, Thomas
huyg003/1754;Hobbes, Thomas
huyg003/1709;Huygens, Christiaan
huyg001/6700;Huygens, Christiaan
huyg001/6722;Huygens, Christiaan
huyg003/1782;Huygens, Christiaan
huyg003/1698;Wallis, John
huyg003/1709;Wallis, John
huyg003/1702;Wallis, John
huyg003/1708;Wallis, John
huyg003/1707;Wallis, John
huyg003/1722;Wallis, John
huyg003/1725;Wallis, John
huyg003/1718;Wallis, John
huyg003/1738;Wallis, John
huyg003/1742;Wallis, John
huyg003/1751;Wallis, John
huyg003/1754;Wallis, John
huyg003/1761;Wallis, John
huyg003/1767;Wallis, John
huyg003/1779;Wallis, John
huyg003/1793;Boyle, Robert
huyg003/1794;Boyle, Robert
huyg003/1816;Boyle, Robert
huyg003/1819;Boyle, Robert
huyg003/1820;Boyle, Robert
huyg003/1822;Boyle, Robert
huyg003/1821;Descartes, René
huyg003/1823;Galilei, Galileo
huyg003/1795;Galilei, Galileo
huyg003/1821;Gassendi, Pierre
huyg003/1792;Hobbes, Thomas
huyg003/1794;Hobbes, Thomas
huyg003/1821;Hobbes, Thomas
huyg003/1795;Huygens, Christiaan
huyg001/6752;Huygens, Christiaan
huyg003/1797;Huygens, Christiaan
huyg003/1803;Huygens, Christiaan
huyg001/6767;Huygens, Christiaan
huyg001/6769;Huygens, Christiaan
swam001/0020;Huygens, Christiaan
huyg003/1821;Huygens, Christiaan
huyg003/1820;Leibniz, Gottfried Wilhelm
huyg003/1792;Wallis, John
huyg003/1793;Wallis, John
huyg003/1794;Wallis, John
huyg003/1816;Wallis, John
huyg003/1817;Wallis, John
huyg003/1819;Wallis, John
huyg003/1820;Wallis, John
huyg003/1825;Boyle, Robert
huyg003/1837;Boyle, Robert
huyg003/1853;Boyle, Robert
huyg003/1854;Galilei, Galileo
huyg003/1854;Gassendi, Pierre
huyg003/1837;Hobbes, Thomas
huyg001/6780;Huygens, Christiaan
huyg001/6786;Huygens, Christiaan
huyg003/1830a;Huygens, Christiaan
huyg001/6802;Huygens, Christiaan
huyg001/6818;Huygens, Christiaan
huyg003/1825;Leibniz, Gottfried Wilhelm
huyg003/1837;Wallis, John
huyg003/1849;Wallis, John
huyg003/1853;Wallis, John
huyg003/1899;Boyle, Robert
huyg003/1896;Boyle, Robert
huyg003/1909;Boyle, Robert
huyg003/1912;Boyle, Robert
huyg003/1914;Boyle, Robert
huyg003/1899;Descartes, René
huyg003/1916;Galilei, Galileo
huyg003/1916;Gassendi, Pierre
huyg003/1914;Hobbes, Thomas
huyg003/1869;Huygens, Christiaan
huyg003/1897;Huygens, Christiaan
huyg003/1858;Newton, Isaac
huyg003/1860;Newton, Isaac
huyg003/1863;Newton, Isaac
huyg003/1866;Newton, Isaac
huyg003/1868;Newton, Isaac
huyg003/1873;Newton, Isaac
huyg003/1880;Newton, Isaac
huyg003/1885;Newton, Isaac
huyg003/1892;Newton, Isaac
huyg003/1887;Newton, Isaac
huyg003/1890;Newton, Isaac
huyg003/1896;Newton, Isaac
huyg003/1900;Newton, Isaac
huyg003/1905;Newton, Isaac
huyg003/1912;Newton, Isaac
huyg003/1914;Newton, Isaac
huyg003/1858;Wallis, John
huyg003/1860;Wallis, John
huyg003/1866;Wallis, John
huyg003/1881;Wallis, John
huyg003/1912;Wallis, John
huyg003/1914;Wallis, John
huyg003/1920;Boyle, Robert
huyg003/1922;Boyle, Robert
swam001/0042;Boyle, Robert
swam001/0043;Boyle, Robert
huyg003/1932;Boyle, Robert
huyg003/1938;Boyle, Robert
huyg003/1954;Boyle, Robert
huyg003/1959;Boyle, Robert
huyg003/1965;Boyle, Robert
huyg001/6909;Boyle, Robert
huyg003/1969;Boyle, Robert
huyg003/1971;Boyle, Robert
huyg003/1973;Boyle, Robert
huyg003/1974;Boyle, Robert
huyg003/1977;Boyle, Robert
huyg003/1923;Descartes, René
huyg003/1922;Descartes, René
huyg003/1942;Descartes, René
huyg003/1945;Descartes, René
huyg003/1967;Descartes, René
huyg003/1941;Galilei, Galileo
huyg003/1940;Galilei, Galileo
huyg003/1969;Gassendi, Pierre
huyg003/1973;Hobbes, Thomas
huyg003/1957;Huygens, Christiaan
huyg003/1956;Huygens, Christiaan
huyg003/1961;Huygens, Christiaan
huyg003/1962;Huygens, Christiaan
huyg003/1919;Leibniz, Gottfried Wilhelm
huyg003/1924;Leibniz, Gottfried Wilhelm
huyg003/1919;Newton, Isaac
huyg003/1922;Newton, Isaac
huyg003/1930;Newton, Isaac
huyg003/1932;Newton, Isaac
huyg003/1938;Newton, Isaac
huyg003/1945;Newton, Isaac
huyg003/1946;Newton, Isaac
huyg003/1951;Newton, Isaac
huyg003/1954;Newton, Isaac
huyg003/1955;Newton, Isaac
huyg003/1959;Newton, Isaac
huyg003/1969;Newton, Isaac
huyg003/1923;Pascal, Blaise
huyg003/1922;Pascal, Blaise
huyg003/1942;Pascal, Blaise
huyg003/1923;Pascal, Blaise
huyg003/1922;Pascal, Blaise
huyg003/1942;Pascal, Blaise
huyg003/1926;Wallis, John
huyg003/1946;Wallis, John
huyg003/1951;Wallis, John
huyg003/1954;Wallis, John
huyg003/1955;Wallis, John
huyg003/1969;Wallis, John
huyg003/1963;Wallis, John
huyg003/1962;Wallis, John
huyg003/1973;Wallis, John
huyg001/6928;Boyle, Robert
huyg003/1991;Boyle, Robert
leeu027/0008;Boyle, Robert
huyg003/1993;Boyle, Robert
huyg003/1994;Boyle, Robert
leeu027/0009;Boyle, Robert
huyg003/1995;Boyle, Robert
leeu027/0011;Boyle, Robert
leeu027/0010;Boyle, Robert
leeu027/0012;Boyle, Robert
leeu027/0013;Boyle, Robert
nier005/0046;Descartes, René
swam001/0054;Gassendi, Pierre
swam001/0055;Gassendi, Pierre
huyg003/2010;Huygens, Christiaan
huyg001/6928;Huygens, Christiaan
huyg001/6941;Huygens, Christiaan
huyg003/1999;Wallis, John
huyg003/2009;Boyle, Robert
huyg003/2003;Boyle, Robert
huyg003/2019;Boyle, Robert
huyg003/2034;Boyle, Robert
huyg003/2035;Boyle, Robert
huyg003/2037;Boyle, Robert
huyg003/2040;Boyle, Robert
huyg003/2043;Boyle, Robert
huyg003/2049;Boyle, Robert
leeu027/0018;Boyle, Robert
leeu027/0019;Boyle, Robert
huyg003/2024;Descartes, René
huyg003/2057;Descartes, René
huyg003/2033;Descartes, René
huyg003/2063;Descartes, René
huyg003/2024;Galilei, Galileo
huyg003/2070;Galilei, Galileo
huyg003/2067;Huygens, Christiaan
huyg003/2024;Huygens, Christiaan
huyg001/6968;Huygens, Christiaan
huyg003/2019;Huygens, Christiaan
huyg003/2075;Huygens, Christiaan
huyg003/2067;Leibniz, Gottfried Wilhelm
huyg003/2008;Leibniz, Gottfried Wilhelm
huyg003/2031;Leibniz, Gottfried Wilhelm
huyg003/2075;Leibniz, Gottfried Wilhelm
huyg003/2024;Newton, Isaac
huyg003/2024;Pascal, Blaise
huyg003/2024;Pascal, Blaise
huyg003/2086;Boyle, Robert
huyg003/2097;Boyle, Robert
leeu027/0026;Boyle, Robert
leeu027/0027;Boyle, Robert
huyg003/2094;Descartes, René
huyg001/7017;Huygens, Christiaan
huyg001/7023;Huygens, Christiaan
huyg003/2098;Huygens, Christiaan
huyg001/7036;Huygens, Christiaan
huyg003/2089;Wallis, John
leeu027/0031;Boyle, Robert
nier005/0058;Descartes, René
huyg003/2103;Descartes, René
huyg003/2107;Descartes, René
nier005/0056;Descartes, René
huyg003/2109;Descartes, René
huyg003/2110;Descartes, René
huyg001/7063;Huygens, Christiaan
huyg003/2106;Leibniz, Gottfried Wilhelm
leeu027/0038;Boyle, Robert
leeu027/0039;Boyle, Robert
leeu027/0040;Boyle, Robert
huyg003/2124;Descartes, René
huyg003/2145;Descartes, René
huyg003/2149;Descartes, René
huyg001/7078;Huygens, Christiaan
huyg001/7085;Huygens, Christiaan
swam001/0136;Huygens, Christiaan
swam001/0138;Huygens, Christiaan
swam001/0144;Huygens, Christiaan
huyg003/2147a;Huygens, Christiaan
leeu027/0043;Boyle, Robert
huyg003/2174;Boyle, Robert
huyg003/2180;Descartes, René
huyg003/2185;Descartes, René
huyg003/2192;Descartes, René
huyg003/2203;Descartes, René
huyg003/2205;Descartes, René
swam001/0151;Huygens, Christiaan
swam001/0163;Huygens, Christiaan
huyg003/2205;Newton, Isaac
huyg003/2209;Descartes, René
huyg003/2213;Descartes, René
huyg003/2220;Descartes, René
huyg001/7146;Huygens, Christiaan
huyg003/2209;Newton, Isaac
huyg003/2249;Descartes, René
huyg003/2260;Huygens, Christiaan
huyg003/2247;Huygens, Christiaan
huyg003/2248;Huygens, Christiaan
huyg003/2250;Huygens, Christiaan
nier005/0080;Descartes, René
nier005/0070;Descartes, René
huyg003/2262;Descartes, René
huyg003/2274;Descartes, René
nier005/0077;Descartes, René
huyg003/2268;Huygens, Christiaan
huyg003/2270;Huygens, Christiaan
nier005/0078;Huygens, Christiaan
huyg003/2281;Huygens, Christiaan
huyg003/2324;Boyle, Robert
leeu027/0079;Boyle, Robert
huyg003/2317;Descartes, René
huyg003/2327;Descartes, René
huyg001/7208;Huygens, Christiaan
huyg001/7210;Huygens, Christiaan
huyg003/2331;Huygens, Christiaan
huyg003/2332;Huygens, Christiaan
huyg003/2335;Huygens, Christiaan
huyg003/2361;Huygens, Christiaan
huyg003/2365;Huygens, Christiaan
huyg003/2360;Newton, Isaac
huyg003/2364;Newton, Isaac
leeu027/0082;Descartes, René
huyg003/2426;Huygens, Christiaan
